subdistrict,flood_incidents,max_water_height_cm,total_evacuees
Cakung,4,90.0,0.0
Cengkareng,10,150.0,886.0
Cilandak,20,200.0,493.0
Cilincing,6,25.0,0.0
Cipayung,11,90.0,0.0
Ciracas,20,150.0,551.0
Duren Sawit,3,50.0,0.0
Gambir,2,30.0,0.0
Grogol Petamburan,3,100.0,0.0
Jagakarsa,12,100.0,72.0
Jagakarta,1,10.0,0.0
Jatinegara,15,125.0,213.0
Kalideres,4,100.0,69.0
Kebayoran Baru,16,100.0,8.0
Kebayoran Lama,22,190.0,50.0
Kebon Jeruk,8,80.0,0.0
Kedoya Selatan,1,30.0,0.0
Kelapa Gading,1,20.0,0.0
Kembangan,10,80.0,40.0
Koja,1,20.0,0.0
Kosong,2,,0.0
Kramat Jati,35,360.0,508.0
Makasar,16,180.0,1567.0
Mampang Prapatan,10,150.0,270.0
Pademangan,2,40.0,0.0
Pancoran,18,100.0,0.0
Pasar Minggu,22,250.0,3374.0
Pasar Rebo,16,160.0,0.0
Penjaringan,3,50.0,0.0
Pesanggrahan,7,120.0,60.0
Pulo Gadung,1,40.0,0.0
Taman Sari,2,50.0,0.0
Tanjung Priok,1,20.0,0.0
Tebet,11,80.0,0.0
